<entity_list>
	<Player>
		<Name>Player</Name>
		<Level>8</Level>
		<XP>30</XP>
		<Gold>223</Gold>
		<Health>169</Health>
		<MaxHealth>403</MaxHealth>
		<Strength>63</Strength>
		<Speed>73</Speed>
		<Weapon>Empty</Weapon>
		<Helmet>Empty</Helmet>
		<Arrow>Basic_Arrow</Arrow>
		<Breastplate>Empty</Breastplate>
		<Bow>Empty</Bow>
		<x>1033</x>
		<y>644</y>
		<w>24</w>
		<h>17</h>
		<Class>Player</Class>
		<DoorA>Locked</DoorA>
		<DoorB>Locked</DoorB>
		<ReceivedGold>False</ReceivedGold>
		<ReceivedPotion>False</ReceivedPotion>
		<Difficulty>0</Difficulty>
	</Player>
	<Bob>
		<Name>Bob</Name>
		<Health>500</Health>
		<MaxHealth>500</MaxHealth>
		<Strength>10</Strength>
		<Speed>50</Speed>
		<Gold>2037</Gold>
		<x>1982</x>
		<y>2740</y>
		<w>22</w>
		<h>33</h>
		<Weapon>Empty</Weapon>
		<Helmet>Empty</Helmet>
		<Arrow>Empty</Arrow>
		<Breastplate>Empty</Breastplate>
		<Bow>Empty</Bow>
		<Class>ShopKeeper</Class>
	</Bob>
	<Michael>
		<Name>Michael</Name>
		<x>2774</x>
		<y>629</y>
		<w>22</w>
		<h>33</h>
		<Class>Michael</Class>
	</Michael>
	<Harry>
		<Name>Harry</Name>
		<x>3250</x>
		<y>550</y>
		<w>22</w>
		<h>33</h>
		<Class>Harry</Class>
	</Harry>
	<Karl>
		<Name>Karl</Name>
		<x>3250</x>
		<y>650</y>
		<w>22</w>
		<h>33</h>
		<level>3</level>
		<Class>Friend</Class>
	</Karl>
	<Callum>
		<Name>Callum</Name>
		<x>1050</x>
		<y>690</y>
		<w>22</w>
		<h>33</h>
		<level>1</level>
		<Class>Friend</Class>
	</Callum>
	<Alex>
		<Name>Alex</Name>
		<x>2500</x>
		<y>650</y>
		<w>22</w>
		<h>33</h>
		<level>2</level>
		<Class>Friend</Class>
	</Alex>
	<EndGameShop>
		<Name>Bob</Name>
		<Health>500</Health>
		<MaxHealth>500</MaxHealth>
		<Strength>10</Strength>
		<Speed>50</Speed>
		<Gold>2037</Gold>
		<x>100</x>
		<y>20</y>
		<w>24</w>
		<h>33</h>
		<Weapon>Empty</Weapon>
		<Helmet>Empty</Helmet>
		<Arrow>Empty</Arrow>
		<Breastplate>Empty</Breastplate>
		<Bow>Empty</Bow>
		<Class>Clear</Class>
	</EndGameShop>
	<KeyDealerA>
		<Name>KeyDealerA</Name>
		<x>1337</x>
		<y>465</y>
		<w>24</w>
		<h>33</h>
		<Class>KeyDealerA</Class>
	</KeyDealerA>
	<KeyDealerB>
		<Name>KeyDealerB</Name>
		<x>3058</x>
		<y>465</y>		
		<w>24</w>
		<h>33</h>
		<Class>KeyDealerB</Class>
	</KeyDealerB>
	<Joe>
		<Name>Joe</Name>
		<Health>200</Health>
		<MaxHealth>200</MaxHealth>
		<Strength>40</Strength>
		<Speed>40</Speed>
		<Gold>10</Gold>
		<XP>5</XP>
		<x>3687</x>
		<y>465</y>
		<w>22</w>
		<h>33</h>
		<Weapon>Empty</Weapon>
		<Helmet>Empty</Helmet>
		<Arrow>Empty</Arrow>
		<Breastplate>Empty</Breastplate>
		<Bow>Empty</Bow>
		<Class>TK</Class>
	</Joe>
	<EnemyA>
		<Name>EnemyA</Name>
		<Level>8</Level>
		<XP>88</XP>
		<Gold>456</Gold>
		<Health>336</Health>
		<MaxHealth>400</MaxHealth>
		<Strength>107</Strength>
		<Speed>102</Speed>
		<Weapon>Expensive_Sword</Weapon>
		<Helmet>Empty</Helmet>
		<Arrow>Basic_Arrow</Arrow>
		<Breastplate>Basic_Steel_Breastplate</Breastplate>
		<Bow>Basic_Bow</Bow>
		<w>24</w>
		<h>33</h>
		<x>2274</x>
		<y>1426</y>
		<Class>SpawnableEnemy</Class>
	</EnemyA>
</entity_list>